"","fructose","lactose","ribose"
"1600",0.358748,0.351953,0.23787
"1599",0.372409,0.339961,0.22521
"1598",0.381302,0.321578,0.212907
"1597",0.391983,0.323486,0.228548
"1596",0.398206,0.338244,0.251102
"1595",0.396847,0.342273,0.249719
"1594",0.399184,0.333738,0.234365
"1593",0.409221,0.328898,0.23415
"1592",0.41244,0.334596,0.252556
"1591",0.397443,0.339365,0.267982
"1590",0.376701,0.332212,0.265502
"1589",0.375962,0.323033,0.256586
"1588",0.402569,0.327539,0.258946
"1587",0.431251,0.336241,0.267314
"1586",0.43478,0.331187,0.267529
"1585",0.422525,0.325632,0.270771
"1584",0.42243,0.340127,0.291919
"1583",0.435066,0.352263,0.306129
"1582",0.441932,0.332689,0.286006
"1581",0.446057,0.311136,0.262975
"1580",0.458168,0.328636,0.276255
"1579",0.461244,0.355696,0.293374
"1578",0.441431,0.346565,0.271391
"1577",0.428152,0.329804,0.24724
"1576",0.44651,0.350761,0.26803
"1575",0.466132,0.379538,0.296401
"1574",0.454592,0.371742,0.289583
"1573",0.437593,0.353479,0.28727
"1572",0.448608,0.355911,0.318503
"1571",0.46904,0.347781,0.325083
"1570",0.472211,0.315022,0.278949
"1569",0.472998,0.312376,0.255727
"1568",0.486516,0.359606,0.295543
"1567",0.493669,0.392007,0.325655
"1566",0.487065,0.378441,0.304007
"1565",0.490427,0.372958,0.293231
"1564",0.504922,0.398206,0.32339
"1563",0.501942,0.399708,0.333046
"1562",0.486707,0.359439,0.300431
"1561",0.496673,0.332307,0.284481
"1560",0.527477,0.341224,0.300812
"1559",0.53637,0.350141,0.299048
"1558",0.520992,0.35336,0.278258
"1557",0.519585,0.37992,0.291323
"1556",0.535321,0.411391,0.332593
"1555",0.535082,0.404739,0.3448
"1554",0.517773,0.381183,0.32761
"1553",0.513076,0.388288,0.326442
"1552",0.522351,0.403761,0.337076
"1551",0.523614,0.379371,0.322437
"1550",0.518226,0.338578,0.293397
"1549",0.519657,0.337457,0.287628
"1548",0.519323,0.369906,0.299954
"1547",0.508761,0.393486,0.303196
"1546",0.50702,0.406146,0.302529
"1545",0.528287,0.430226,0.315952
"1544",0.551915,0.459122,0.334429
"1543",0.555658,0.471329,0.341105
"1542",0.548386,0.469517,0.341987
"1541",0.545644,0.4709,0.350022
"1540",0.54357,0.476765,0.361251
"1539",0.537919,0.472569,0.364422
"1538",0.539851,0.452399,0.360298
"1537",0.556135,0.433874,0.360918
"1536",0.576329,0.438618,0.370121
"1535",0.590205,0.460147,0.371861
"1534",0.60091,0.474834,0.355696
"1533",0.614333,0.481438,0.34523
"1532",0.626158,0.49355,0.36745
"1531",0.627231,0.497794,0.402092
"1530",0.619173,0.47276,0.411701
"1529",0.617527,0.44229,0.40884
"1528",0.629949,0.445389,0.425577
"1527",0.639939,0.466918,0.438737
"1526",0.631093,0.470519,0.410032
"1525",0.616502,0.473165,0.37086
"1524",0.619363,0.505042,0.372624
"1523",0.637435,0.535225,0.392484
"1522",0.655817,0.52638,0.386047
"1521",0.677704,0.510716,0.377702
"1520",0.708222,0.522947,0.399994
"1519",0.732898,0.526738,0.415325
"1518",0.744223,0.49324,0.393486
"1517",0.761961,0.470209,0.382304
"1516",0.79329,0.488924,0.412583
"1515",0.81284,0.496554,0.431323
"1514",0.811338,0.459194,0.410389
"1513",0.814843,0.429463,0.406074
"1512",0.827693,0.44136,0.441193
"1511",0.822138,0.451397,0.453662
"1510",0.806975,0.438642,0.42212
"1509",0.829148,0.447416,0.409507
"1508",0.886964,0.487375,0.436496
"1507",0.928401,0.509119,0.446677
"1506",0.947117,0.505375,0.427913
"1505",0.987172,0.52042,0.434041
"1504",1.047706,0.550198,0.469112
"1503",1.081323,0.547432,0.477576
"1502",1.087641,0.524997,0.454378
"1501",1.113224,0.538992,0.445699
"1500",1.163601,0.582718,0.452256
"1499",1.202845,0.604486,0.442647
"1498",1.228117,0.607323,0.436806
"1497",1.26059,0.627923,0.470757
"1496",1.291871,0.654315,0.514531
"1495",1.302576,0.655841,0.51794
"1494",1.317477,0.655746,0.499105
"1493",1.36497,0.688695,0.506353
"1492",1.437211,0.733518,0.536656
"1491",1.498889,0.749945,0.555753
"1490",1.56188,0.748682,0.561141
"1489",1.622891,0.762724,0.571274
"1488",1.695346,0.799727,0.588011
"1487",1.757335,0.840568,0.603008
"1486",1.845979,0.88272,0.621843
"1485",1.976442,0.92864,0.655245
"1484",2.153205,0.978922,0.70188
"1483",2.385163,1.022219,0.747704
"1482",2.696013,1.05884,0.785446
"1481",3.104472,1.115202,0.825929
"1480",3.63717,1.21839,0.880646
"1479",4.418611,1.362609,0.936198
"1478",5.675721,1.536369,0.977873
"1477",7.730484,1.778864,1.02775
"1476",11.013007,2.156209,1.118183
"1475",15.879297,2.6973,1.232957
"1474",22.057199,3.413605,1.334738
"1473",28.305578,4.335856,1.436734
"1472",32.840609,5.402088,1.575946
"1471",34.368491,6.35333,1.743459
"1470",32.723498,6.856298,1.919889
"1469",28.734827,6.760907,2.15528
"1468",23.547625,6.164073,2.510738
"1467",18.157744,5.289149,2.97544
"1466",13.379096,4.386591,3.511238
"1465",9.822058,3.666162,4.09727
"1464",7.682371,3.206562,4.657411
"1463",6.618785,2.940893,5.03416
"1462",6.241655,2.812719,5.172348
"1461",6.424736,2.851533,5.194258
"1460",7.195353,3.091406,5.230593
"1459",8.398437,3.489065,5.285024
"1458",9.846401,4.006433,5.370426
"1457",11.382341,4.606962,5.602073
"1456",12.765288,5.146932,6.067037
"1455",13.566255,5.397057,6.697034
"1454",13.473367,5.263566,7.331395
"1453",12.493491,4.857563,7.771468
"1452",10.894775,4.338312,7.784628
"1451",9.061193,3.798317,7.235336
"1450",7.380127,3.315448,6.259393
"1449",6.112527,2.963709,5.185699
"1448",5.267667,2.737021,4.262828
"1447",4.714941,2.573299,3.557205
"1446",4.356241,2.452421,3.064608
"1445",4.165506,2.393841,2.773332
"1444",4.090309,2.375793,2.624106
"1443",4.072213,2.354741,2.539896
"1442",4.107666,2.332615,2.496385
"1441",4.234528,2.33643,2.508783
"1440",4.43933,2.355623,2.564382
"1439",4.675126,2.367639,2.636742
"1438",4.918932,2.384734,2.722549
"1437",5.169677,2.419042,2.828931
"1436",5.420303,2.453494,2.938723
"1435",5.635738,2.469086,3.027272
"1434",5.797934,2.493596,3.097009
"1433",5.890178,2.557325,3.160429
"1432",5.91309,2.65491,3.227114
"1431",5.869936,2.750897,3.283071
"1430",5.780696,2.830314,3.316926
"1429",5.676007,2.909803,3.329706
"1428",5.584645,3.013896,3.330779
"1427",5.506825,3.140592,3.31037
"1426",5.43034,3.275132,3.258132
"1425",5.365252,3.426933,3.197979
"1424",5.334472,3.618741,3.165316
"1423",5.332303,3.841638,3.150343
"1422",5.344057,4.073262,3.127551
"1421",5.393457,4.331254,3.126573
"1420",5.507111,4.644989,3.196048
"1419",5.650854,4.986286,3.314685
"1418",5.775427,5.306363,3.433775
"1417",5.902004,5.605673,3.575921
"1416",6.072402,5.875611,3.788399
"1415",6.25627,6.021499,4.03788
"1414",6.391119,5.953884,4.260349
"1413",6.481075,5.709695,4.458045
"1412",6.557226,5.382156,4.64549
"1411",6.605005,5.003142,4.770755
"1410",6.611275,4.588294,4.804015
"1409",6.623816,4.210257,4.813551
"1408",6.686735,3.92425,4.863405
"1407",6.784868,3.695201,4.919052
"1406",6.918311,3.490185,4.945373
"1405",7.131862,3.343534,4.977917
"1404",7.421469,3.276014,5.030918
"1403",7.702922,3.244996,5.046558
"1402",7.933592,3.238511,5.005455
"1401",8.149552,3.297996,4.958844
"1400",8.355832,3.416442,4.911613
"1399",8.488607,3.527235,4.793572
"1398",8.522868,3.62122,4.583406
"1397",8.500337,3.744959,4.341387
"1396",8.437538,3.878569,4.101252
"1395",8.309054,3.942799,3.84016
"1394",8.12869,3.932905,3.565168
"1393",7.944798,3.922009,3.326463
"1392",7.756876,3.939056,3.141832
"1391",7.53057,3.961038,2.991747
"1390",7.276487,4.006147,2.880549
"1389",7.03473,4.126453,2.825593
"1388",6.798171,4.324102,2.810311
"1387",6.528234,4.56593,2.804017
"1386",6.219053,4.848432,2.813768
"1385",5.895876,5.182528,2.853155
"1384",5.567479,5.538392,2.905368
"1383",5.234956,5.866241,2.940845
"1382",4.915189,6.138992,2.967786
"1381",4.631757,6.348586,3.012609
"1380",4.389882,6.475663,3.088212
"1379",4.186844,6.498789,3.182649
"1378",4.029941,6.424021,3.292346
"1377",3.936433,6.292986,3.436017
"1376",3.919982,6.156706,3.639721
"1375",3.976511,6.032514,3.904008
"1374",4.079651,5.916762,4.212474
"1373",4.184508,5.822443,4.566812
"1372",4.233837,5.775475,4.976344
"1371",4.171347,5.757522,5.409359
"1370",3.986215,5.714774,5.805802
"1369",3.741502,5.626296,6.143999
"1368",3.51684,5.505299,6.440687
"1367",3.330874,5.354523,6.688475
"1366",3.16255,5.195879,6.859135
"1365",3.030991,5.138182,6.961202
"1364",2.970552,5.300927,7.021164
"1363",2.962994,5.692172,7.025313
"1362",2.97048,6.233453,6.957006
"1361",3.017592,6.854343,6.858658
"1360",3.141283,7.454729,6.781792
"1359",3.316092,7.854485,6.708669
"1358",3.508281,7.924175,6.609487
"1357",3.754019,7.728123,6.507134
"1356",4.090237,7.450914,6.421089
"1355",4.481887,7.256269,6.300711
"1354",4.895043,7.288336,6.115865
"1353",5.365371,7.68702,5.918884
"1352",5.916762,8.472371,5.766248
"1351",6.499338,9.480047,5.646657
"1350",7.067823,10.477614,5.561947
"1349",7.628035,11.277389,5.556058
"1348",8.157038,11.721348,5.618715
"1347",8.579778,11.710929,5.666208
"1346",8.873701,11.31854,5.667471
"1345",9.095907,10.764765,5.668306
"1344",9.283685,10.244178,5.668854
"1343",9.415411,9.849786,5.603885
"1342",9.485006,9.651994,5.463981
"1341",9.515762,9.712648,5.310344
"1340",9.496402,9.996843,5.165362
"1339",9.392452,10.391068,5.001068
"1338",9.216761,10.798764,4.837322
"1337",9.017014,11.164522,4.730272
"1336",8.79023,11.404204,4.685568
"1335",8.494186,11.441731,4.668879
"1334",8.110785,11.275076,4.687213
"1333",7.664728,10.989594,4.773163
"1332",7.180571,10.6884,4.91383
"1331",6.699037,10.489225,5.074095
"1330",6.286859,10.513377,5.25341
"1329",6.011509,10.815525,5.4811
"1328",5.887126,11.278796,5.76713
"1327",5.88026,11.596965,6.107568
"1326",5.931878,11.430287,6.51009
"1325",5.973744,10.629701,6.99768
"1324",5.934381,9.342217,7.575225
"1323",5.76024,7.889342,8.200836
"1322",5.446553,6.557655,8.777284
"1321",5.046463,5.486869,9.184145
"1320",4.637575,4.68254,9.325146
"1319",4.264569,4.080319,9.169149
"1318",3.935647,3.613352,8.779287
"1317",3.660988,3.25675,8.303689
"1316",3.457427,3.003597,7.886695
"1315",3.31161,2.825546,7.571172
"1314",3.193521,2.691984,7.321929
"1313",3.105401,2.614665,7.116818
"1312",3.065872,2.612853,6.94766
"1311",3.054237,2.651524,6.758689
"1310",3.034305,2.679014,6.49333
"1309",3.017091,2.708005,6.180548
"1308",3.029203,2.772092,5.880928
"1307",3.050708,2.85685,5.579638
"1306",3.051567,2.923798,5.24075
"1305",3.060555,3.000164,4.909229
"1304",3.105902,3.12252,4.649543
"1303",3.155016,3.279066,4.447841
"1302",3.166985,3.461718,4.26743
"1301",3.1672,3.730607,4.142975
"1300",3.179645,4.116821,4.098558
"1299",3.178453,4.545688,4.093408
"1298",3.148555,4.907822,4.100275
"1297",3.139424,5.142569,4.171395
"1296",3.17409,5.196642,4.328036
"1295",3.213143,5.028462,4.512023
"1294",3.232121,4.709935,4.689741
"1293",3.275942,4.418587,4.903364
"1292",3.371667,4.269337,5.166769
"1291",3.495693,4.249811,5.431294
"1290",3.633022,4.332184,5.689811
"1289",3.809905,4.530024,6.002283
"1288",4.038166,4.819464,6.395363
"1287",4.311132,5.115962,6.834936
"1286",4.657053,5.356526,7.294416
"1285",5.119514,5.527901,7.768392
"1284",5.708122,5.618143,8.197975
"1283",6.400465,5.619573,8.499169
"1282",7.22754,5.579495,8.642125
"1281",8.224749,5.571436,8.662199
"1280",9.37426,5.634236,8.592677
"1279",10.585212,5.767941,8.487582
"1278",11.745715,5.980181,8.456778
"1277",12.759613,6.264972,8.651995
"1276",13.521814,6.579947,9.170961
"1275",14.008092,6.874465,10.014343
"1274",14.293861,7.128691,11.033463
"1273",14.576458,7.353758,11.916399
"1272",15.099811,7.557439,12.271165
"1271",16.163015,7.76062,11.835956
"1270",18.022012,8.004665,10.649108
"1269",20.778322,8.355593,9.030699
"1268",24.23737,8.855295,7.385587
"1267",27.880096,9.495019,5.988478
"1266",30.89416,10.206961,4.922032
"1265",32.36351,10.900878,4.159736
"1264",31.668066,11.469054,3.641629
"1263",28.87907,11.787772,3.278613
"1262",24.831867,11.763453,2.986526
"1261",20.708966,11.405301,2.751684
"1260",17.423176,10.811448,2.604556
"1259",15.256428,10.081839,2.525424
"1258",14.045906,9.292364,2.463126
"1257",13.571333,8.520698,2.426028
"1256",13.711428,7.818984,2.458453
"1255",14.309239,7.163763,2.550387
"1254",15.181303,6.52585,2.665281
"1253",16.187644,5.946922,2.842998
"1252",17.20252,5.487751,3.127932
"1251",17.969632,5.128145,3.482699
"1250",18.223214,4.832863,3.830194
"1249",17.861723,4.623103,4.158401
"1248",16.962385,4.512929,4.454803
"1247",15.691137,4.421448,4.644703
"1246",14.249849,4.258251,4.674601
"1245",12.898373,4.02286,4.600143
"1244",11.784076,3.745961,4.495954
"1243",10.922813,3.431081,4.374289
"1242",10.258626,3.098821,4.246163
"1241",9.751749,2.82135,4.16305
"1240",9.328126,2.620911,4.133057
"1239",8.880996,2.449965,4.092955
"1238",8.36935,2.284431,4.014277
"1237",7.839727,2.162098,3.937554
"1236",7.335424,2.090001,3.881263
"1235",6.859588,2.029228,3.813886
"1234",6.443428,1.977133,3.736519
"1233",6.145024,1.974725,3.697228
"1232",5.977034,2.01919,3.708004
"1231",5.8995,2.065229,3.727793
"1230",5.900001,2.110862,3.72858
"1229",5.9978,2.198958,3.70872
"1228",6.185936,2.338838,3.65014
"1227",6.421446,2.498388,3.528904
"1226",6.672167,2.661657,3.364419
"1225",6.918787,2.828741,3.21021
"1224",7.131361,2.981352,3.104281
"1223",7.276296,3.096723,3.058123
"1222",7.34415,3.18129,3.072166
"1221",7.333445,3.248906,3.131675
"1220",7.230901,3.285217,3.190135
"1219",7.009243,3.252673,3.177309
"1218",6.665945,3.132891,3.041338
"1217",6.241965,2.947211,2.788424
"1216",5.802345,2.73776,2.476739
"1215",5.381155,2.529716,2.1636
"1214",4.974818,2.326297,1.87807
"1213",4.588937,2.14014,1.643037
"1212",4.251241,1.994299,1.482915
"1211",3.966712,1.886796,1.389765
"1210",3.710007,1.794028,1.324892
"1209",3.480648,1.722693,1.269507
"1208",3.303122,1.703143,1.23229
"1207",3.170776,1.729822,1.204061
"1206",3.049945,1.764845,1.162004
"1205",2.946567,1.801872,1.11835
"1204",2.889561,1.855587,1.101756
"1203",2.863693,1.898574,1.098108
"1202",2.828478,1.883864,1.076698
"1201",2.801847,1.822185,1.05915
"1200",2.821063,1.755738,1.078605
"1199",2.874279,1.68488,1.108646
"1198",2.920961,1.592373,1.107192
"1197",2.985167,1.508307,1.098561
"1196",3.095126,1.461815,1.117181
"1195",3.236389,1.421141,1.132535
"1194",3.379082,1.353931,1.109051
"1193",3.564023,1.294159,1.083922
"1192",3.82266,1.273488,1.096653
"1191",4.132103,1.259946,1.119828
"1190",4.468512,1.228785,1.125502
"1189",4.86865,1.216483,1.145982
"1188",5.373525,1.239848,1.197266
"1187",5.977153,1.252961,1.236343
"1186",6.696128,1.234769,1.245617
"1185",7.582688,1.229572,1.272439
"1184",8.66518,1.25544,1.339173
"1183",9.912371,1.27356,1.409292
"1182",11.302733,1.275205,1.46923
"1181",12.811541,1.30496,1.554894
"1180",14.33115,1.373457,1.67582
"1179",15.657353,1.440501,1.798081
"1178",16.589331,1.494264,1.912736
"1177",16.98935,1.56598,2.04153
"1176",16.781377,1.663279,2.177023
"1175",15.971326,1.765036,2.288222
"1174",14.686608,1.87509,2.3808
"1173",13.145661,2.010726,2.49207
"1172",11.559867,2.152872,2.631688
"1171",10.076904,2.264094,2.788114
"1170",8.771944,2.341961,2.970504
"1169",7.683753,2.404356,3.214144
"1168",6.812119,2.447366,3.540968
"1167",6.136679,2.44832,3.951525
"1166",5.610704,2.405905,4.438328
"1165",5.207848,2.339363,4.994821
"1164",4.917097,2.27096,5.598044
"1163",4.726195,2.206158,6.186652
"1162",4.60143,2.152752,6.66902
"1161",4.517841,2.127671,6.964421
"1160",4.484128,2.153587,7.03454
"1159",4.498314,2.215528,6.878876
"1158",4.547119,2.284431,6.538319
"1157",4.622292,2.359342,6.116008
"1156",4.740595,2.477574,5.739808
"1155",4.897522,2.648282,5.484223
"1154",5.081439,2.853417,5.357241
"1153",5.312609,3.106975,5.3617
"1152",5.640673,3.448987,5.502676
"1151",6.089115,3.884768,5.738806
"1150",6.677699,4.409289,5.995941
"1149",7.470726,5.083703,6.2294
"1148",8.532261,5.991363,6.405019
"1147",9.806084,7.12316,6.440973
"1146",11.102604,8.399915,6.263709
"1145",12.185645,9.743022,5.904126
"1144",12.851881,11.024856,5.465888
"1143",12.988424,12.002205,5.028533
"1142",12.660646,12.455892,4.649662
"1141",12.10165,12.376308,4.406595
"1140",11.543393,11.943507,4.332113
"1139",11.060118,11.393427,4.376149
"1138",10.615801,10.955142,4.487895
"1137",10.16817,10.814356,4.690051
"1136",9.687089,10.986948,4.984402
"1135",9.121823,11.282062,5.286765
"1134",8.459162,11.448001,5.494427
"1133",7.744574,11.331105,5.5799
"1132",7.037329,10.903048,5.543875
"1131",6.361722,10.217165,5.390787
"1130",5.746984,9.414815,5.174398
"1129",5.22418,8.681178,5.005383
"1128",4.78785,8.172202,4.963326
"1127",4.39589,7.979202,5.068182
"1126",4.041695,8.170056,5.338597
"1125",3.753709,8.768391,5.811548
"1124",3.536939,9.699082,6.490826
"1123",3.354954,10.776591,7.343888
"1122",3.180718,11.778926,8.339238
"1121",3.018093,12.494754,9.427928
"1120",2.876877,12.759089,10.484647
"1119",2.752184,12.509298,11.330056
"1118",2.644634,11.831617,11.818957
"1117",2.560138,10.895252,11.889147
"1116",2.506685,9.857177,11.553359
"1115",2.474403,8.815622,10.877966
"1114",2.450251,7.845854,9.970331
"1113",2.422189,7.00221,8.937478
"1112",2.39861,6.318092,7.863259
"1111",2.385783,5.799674,6.809926
"1110",2.388381,5.448293,5.835652
"1109",2.403545,5.270934,4.995059
"1108",2.438282,5.272746,4.31652
"1107",2.482986,5.43487,3.78952
"1106",2.529764,5.710887,3.378653
"1105",2.581262,6.048512,3.068828
"1104",2.667641,6.398415,2.863001
"1103",2.790093,6.688284,2.750325
"1102",2.93715,6.875014,2.698278
"1101",3.10769,6.993985,2.700734
"1100",3.332281,7.159423,2.775692
"1099",3.626275,7.448244,2.922677
"1098",3.989505,7.881712,3.128409
"1097",4.440879,8.466029,3.420257
"1096",5.024504,9.208321,3.842949
"1095",5.779385,10.069346,4.386401
"1094",6.766366,11.018967,4.990792
"1093",8.083844,12.124061,5.618309
"1092",9.848284,13.542938,6.221675
"1091",12.065148,15.38589,6.710672
"1090",14.624118,17.636466,7.01549
"1089",17.294812,20.089578,7.185864
"1088",19.783115,22.305679,7.316803
"1087",21.793889,23.691534,7.430243
"1086",23.234915,23.793244,7.509946
"1085",24.273848,22.547602,7.569289
"1084",25.192809,20.235586,7.62012
"1083",26.158761,17.301106,7.620286
"1082",27.141118,14.233756,7.573604
"1081",27.874994,11.477255,7.58872
"1080",27.843165,9.288668,7.808518
"1079",26.512408,7.675337,8.312845
"1078",23.761725,6.533336,9.129285
"1077",20.081543,5.750131,10.187458
"1076",16.278386,5.216026,11.221909
"1075",13.018512,4.805874,11.843991
"1074",10.598397,4.452061,11.795687
"1073",8.995962,4.147338,11.120367
"1072",8.035659,3.888916,10.070562
"1071",7.534742,3.650164,8.94761
"1070",7.385444,3.439116,7.996082
"1069",7.540941,3.284549,7.355737
"1068",7.985806,3.200674,7.041049
"1067",8.685636,3.167366,7.009673
"1066",9.571814,3.184843,7.24461
"1065",10.53102,3.276801,7.778477
"1064",11.459946,3.467583,8.643364
"1063",12.27169,3.759217,9.834909
"1062",12.914824,4.147386,11.267113
"1061",13.302969,4.629015,12.743091
"1060",13.345479,5.197525,13.946533
"1059",12.955641,5.828857,14.538264
"1058",12.170696,6.507992,14.322185
"1057",11.195778,7.256984,13.387537
"1056",10.345935,8.111977,12.08055
"1055",9.888792,9.004783,10.783338
"1054",9.939002,9.717774,9.744024
"1053",10.522937,9.983396,9.063029
"1052",11.612462,9.664416,8.751797
"1051",13.088726,8.835864,8.726739
"1050",14.667916,7.751178,8.814883
"1049",15.971088,6.73325,8.852696
"1048",16.629409,6.031656,8.747434
"1047",16.401505,5.72803,8.46014
"1046",15.285682,5.77681,7.992053
"1045",13.573932,6.114101,7.410025
"1044",11.711192,6.672906,6.807422
"1043",10.052037,7.317996,6.226348
"1042",8.744716,7.860922,5.66647
"1041",7.793021,8.167147,5.166363
"1040",7.141304,8.19664,4.790139
"1039",6.701231,7.966852,4.557418
"1038",6.399083,7.542729,4.449558
"1037",6.202697,7.058167,4.476189
"1036",6.098151,6.636953,4.662466
"1035",6.023693,6.332874,4.990291
"1034",5.903291,6.147146,5.421352
"1033",5.691051,6.091547,5.93574
"1032",5.380058,6.131434,6.476616
"1031",4.976487,6.135702,6.916236
"1030",4.506707,5.983304,7.126903
"1029",4.036736,5.665922,7.075119
"1028",3.608918,5.281043,6.774425
"1027",3.235387,4.938173,6.251597
"1026",2.90811,4.766869,5.58083
"1025",2.639603,4.903054,4.90663
"1024",2.42393,5.438375,4.348707
"1023",2.235126,6.363892,3.944945
"1022",2.0617,7.569503,3.69997
"1021",1.922702,8.793997,3.634762
"1020",1.826024,9.603953,3.755497
"1019",1.750946,9.594249,4.021525
"1018",1.678442,8.690571,4.364275
"1017",1.607799,7.231187,4.705882
"1016",1.539897,5.713415,4.956936
"1015",1.471257,4.493212,5.041718
"1014",1.410913,3.674101,4.945325
"1013",1.373028,3.196597,4.724502
"1012",1.356148,2.964138,4.47309
"1011",1.340699,2.913403,4.274153
"1010",1.315116,3.008937,4.181122
"1009",1.285767,3.239345,4.218363
"1008",1.267933,3.597235,4.399538
"1007",1.262664,4.040837,4.718637
"1006",1.25885,4.452967,5.136203
"1005",1.251006,4.694652,5.566549
"1004",1.252532,4.680228,5.889844
"1003",1.266551,4.405546,5.978775
"1002",1.279616,3.932976,5.760645
"1001",1.286125,3.371167,5.29468
"1000",1.310062,2.853488,4.741048
"999",1.35324,2.446413,4.237651
"998",1.39594,2.145624,3.827095
"997",1.42827,1.927995,3.530693
"996",1.484107,1.7946,3.403329
"995",1.562786,1.733136,3.485465
"994",1.640558,1.705765,3.755235
"993",1.718807,1.697707,4.160904
"992",1.847887,1.721119,4.621601
"991",2.034664,1.760363,4.992246
"990",2.257847,1.768326,5.111551
"989",2.53601,1.728487,4.923558
"988",2.946376,1.658487,4.497981
"987",3.562188,1.561641,3.941965
"986",4.466557,1.428747,3.345942
"985",5.785179,1.288366,2.800416
"984",7.628417,1.179957,2.368998
"983",9.951114,1.098823,2.046418
"982",12.543582,1.018929,1.78864
"981",15.127682,0.953483,1.580262
"980",17.434144,0.92647,1.430249
"979",19.164156,0.918221,1.326465
"978",19.935083,0.893902,1.244306
"977",19.396519,0.859928,1.175355
"976",17.47291,0.838518,1.118993
"975",14.546346,0.82643,1.061964
"974",11.331033,0.814938,1.000738
"973",8.506727,0.818896,0.95489
"972",6.399464,0.838541,0.934123
"971",4.949688,0.849509,0.924944
"970",3.950643,0.84207,0.912666
"969",3.235507,0.848317,0.908637
"968",2.720046,0.882863,0.920891
"967",2.335143,0.927519,0.943922
"966",2.04432,0.968766,0.971746
"965",1.834487,1.023864,1.012778
"964",1.695346,1.108169,1.070547
"963",1.590585,1.21715,1.13995
"962",1.498413,1.351094,1.219439
"961",1.414608,1.533198,1.313495
"960",1.34654,1.796364,1.420807
"959",1.286625,2.170586,1.536011
"958",1.240706,2.682757,1.6613
"957",1.211977,3.35257,1.807427
"956",1.203274,4.152297,1.982474
"955",1.199197,4.95181,2.194333
"954",1.183962,5.529999,2.451038
"953",1.156497,5.691432,2.755403
"952",1.138949,5.395913,3.081154
"951",1.139473,4.764461,3.364276
"950",1.144194,3.987956,3.534221
"949",1.143288,3.238177,3.576993
"948",1.156282,2.624154,3.550171
"947",1.186656,2.171492,3.520393
"946",1.208829,1.84102,3.50809
"945",1.205301,1.596236,3.502058
"944",1.208615,1.425623,3.487753
"943",1.239275,1.313805,3.426671
"942",1.29435,1.224088,3.270077
"941",1.361036,1.144647,3.012752
"940",1.458454,1.091217,2.715539
"939",1.57864,1.062083,2.432656
"938",1.698637,1.029753,2.194714
"937",1.829957,0.997376,2.031397
"936",2.020168,0.98989,1.97854
"935",2.296471,1.001906,2.023124
"934",2.669882,0.999116,2.122855
"933",3.195476,0.989508,2.274608
"932",3.982853,1.008486,2.52428
"931",5.146718,1.054191,2.914929
"930",6.791377,1.097178,3.492116
"929",8.952903,1.140117,4.341387
"928",11.438131,1.211643,5.556344
"927",13.715147,1.305961,7.138657
"926",15.07101,1.410961,8.951878
"925",15.011692,1.553034,10.728263
"924",13.569045,1.783609,12.100958
"923",11.283731,2.123641,12.724065
"922",8.862853,2.595567,12.467193
"921",6.812572,3.257298,11.512231
"920",5.290293,4.176044,10.222339
"919",4.209423,5.338597,8.940887
"918",3.437948,6.595873,7.901167
"917",2.882385,7.672333,7.218289
"916",2.492833,8.240079,6.891989
"915",2.214431,8.094525,6.812787
"914",2.006483,7.291913,6.834244
"913",1.84338,6.136965,6.820654
"912",1.717424,4.989361,6.675291
"911",1.615834,4.076457,6.346178
"910",1.53644,3.446912,5.851316
"909",1.477098,3.054285,5.268073
"908",1.440477,2.850127,4.694485
"907",1.41623,2.816247,4.192471
"906",1.400136,2.947592,3.771281
"905",1.393604,3.252601,3.413581
"904",1.4014,3.751373,3.128361
"903",1.418018,4.429888,2.927398
"902",1.429796,5.166101,2.811193
"901",1.430153,5.737066,2.770543
"900",1.435804,5.926108,2.842211
"899",1.454567,5.640077,3.085875
"898",1.475405,4.971981,3.556418
"897",1.491713,4.136562,4.323816
"896",1.533961,3.375101,5.441474
"895",1.610803,2.796912,6.853413
"894",1.699638,2.392172,8.319211
"893",1.776051,2.097439,9.537816
"892",1.878523,1.902651,10.330271
"891",2.009534,1.804804,10.756182
"890",2.156782,1.781535,11.08787
"889",2.299785,1.81775,11.705517
"888",2.502584,1.919841,12.87775
"887",2.780604,2.090191,14.540743
"886",3.109669,2.311635,16.260075
"885",3.488469,2.617073,17.448592
"884",3.975987,3.087949,17.676019
"883",4.634857,3.806376,16.858363
"882",5.510616,4.830813,15.264201
"881",6.690573,6.228828,13.347148
"880",8.342003,8.008694,11.501359
"879",10.689973,9.985709,9.900975
"878",13.997697,11.742925,8.574509
"877",18.459653,12.792539,7.550549
"876",23.948383,12.807297,6.895303
"875",29.719042,11.793565,6.611371
"874",34.403157,10.095143,6.614279
"873",36.573982,8.227324,6.779623
"872",35.619354,6.598138,6.981253
"871",32.195186,5.359053,7.072424
"870",27.744317,4.460597,6.927633
"869",23.54393,3.81844,6.490135
"868",20.111823,3.364109,5.800437
"867",17.320489,3.047013,4.971528
"866",14.887404,2.830815,4.134893
"865",12.66911,2.706623,3.41165
"864",10.701417,2.680873,2.849578
"863",9.013628,2.727794,2.441477
"862",7.613039,2.843594,2.137446
"861",6.473326,3.040671,1.897239
"860",5.582356,3.363466,1.699805
"859",4.892253,3.853416,1.544165
"858",4.366779,4.580545,1.42641
"857",3.964829,5.648779,1.333022
"856",3.666138,7.172036,1.249241
"855",3.430771,9.195184,1.168751
"854",3.234362,11.571693,1.094317
"853",3.06909,13.871264,1.032519
"852",2.937984,15.454053,0.993227
"851",2.840757,15.746235,0.972914
"850",2.764463,14.582753,0.952911
"849",2.692294,12.35156,0.922465
"848",2.6335,9.787178,0.900721
"847",2.600622,7.528996,0.901055
"846",2.599334,5.819678,0.901269
"845",2.611327,4.592776,0.879502
"844",2.629542,3.715538,0.856995
"843",2.648305,3.10359,0.853991
"842",2.676129,2.656292,0.847339
"841",2.716374,2.296161,0.816798
"840",2.789449,1.999735,0.793385
"839",2.892422,1.783156,0.804948
"838",3.02906,1.620221,0.824952
"837",3.190207,1.489973,0.820946
"836",3.407335,1.389884,0.807642
"835",3.674745,1.314973,0.804662
"834",3.999876,1.233005,0.800991
"833",4.374313,1.138591,0.793457
"832",4.821872,1.070404,0.805878
"831",5.346441,1.033544,0.839924
"830",5.95057,0.999999,0.86615
"829",6.6787,0.952768,0.879168
"828",7.611894,0.915551,0.905394
"827",8.830094,0.897812,0.948858
"826",10.427856,0.881981,0.988936
"825",12.577939,0.860691,1.031184
"824",15.515303,0.847935,1.099109
"823",19.396638,0.846052,1.181244
"822",24.141168,0.841522,1.245379
"821",29.280924,0.833129,1.297378
"820",33.88319,0.829839,1.367807
"819",36.760473,0.829935,1.45781
"818",37.002635,0.827074,1.546955
"817",34.517574,0.827598,1.640176
"816",30.084896,0.836753,1.760888
"815",24.917244,0.843429,1.912593
"814",20.066475,0.834488,2.081584
"813",16.081905,0.816369,2.261662
"812",13.054561,0.806522,2.456879
"811",10.810542,0.812506,2.660393
"810",9.137845,0.826001,2.85294
"809",7.8372,0.838851,3.01845
"808",6.810379,0.855994,3.164386
"807",6.006717,0.885653,3.308892
"806",5.403304,0.916004,3.451204
"805",4.939031,0.926923,3.566193
"804",4.578614,0.924491,3.638482
"803",4.298305,0.934338,3.671765
"802",4.084753,0.955271,3.661775
"801",3.903031,0.964784,3.595256
"800",3.751778,0.969338,3.481602
"799",3.642392,0.996279,3.344893
"798",3.569316,1.038193,3.185772
"797",3.517055,1.067137,2.999711
"796",3.496336,1.097393,2.818965
"795",3.526258,1.166248,2.677178
"794",3.592348,1.264619,2.548193
"793",3.668737,1.354765,2.392983
"792",3.77326,1.441383,2.23577
"791",3.939604,1.558947,2.123665
"790",4.163956,1.712131,2.043819
"789",4.420018,1.893091,1.961469
"788",4.704165,2.117776,1.889061
"787",5.020713,2.393269,1.845383
"786",5.344939,2.678513,1.798319
"785",5.642938,2.936768,1.721167
"784",5.897045,3.174376,1.648449
"783",6.088399,3.39818,1.610493
"782",6.183171,3.578329,1.581478
"781",6.167602,3.702473,1.538586
"780",6.064963,3.801441,1.507735
"779",5.899119,3.89018,1.500725
"778",5.669116,3.934454,1.486587
"777",5.373167,3.905391,1.45328
"776",5.026674,3.81124,1.431536
"775",4.649138,3.660798,1.431512
"774",4.259943,3.451395,1.424407
"773",3.890919,3.203964,1.400732
"772",3.574943,2.959132,1.38731
"771",3.316116,2.730154,1.396822
"770",3.09422,2.50554,1.410675
"769",2.898263,2.294015,1.41797
"768",2.738022,2.129387,1.430702
"767",2.622127,2.024197,1.458835
"766",2.541613,1.953172,1.495647
"765",2.477216,1.88353,1.530313
"764",2.414369,1.809096,1.55785
"763",2.351951,1.746511,1.579093
"762",2.292871,1.704859,1.595735
"761",2.239942,1.670289,1.611685
"760",2.195692,1.626896,1.638007
"759",2.166604,1.581287,1.685357
"758",2.143955,1.545381,1.738595
"757",2.111792,1.518106,1.765537
"756",2.072477,1.494479,1.76692
"755",2.052688,1.479315,1.783967
"754",2.05574,1.464915,1.833128
"753",2.053594,1.435565,1.882576
"752",2.033758,1.403522,1.914906
"751",2.019238,1.40376,1.953768
"750",2.019739,1.43187,2.004003
"749",2.015638,1.445269,2.037715
"748",2.000927,1.433396,2.059292
"747",1.994466,1.427197,2.108001
"746",1.996111,1.431727,2.180624
"745",1.984333,1.420831,2.23186
"744",1.962971,1.399493,2.256464
"743",1.960325,1.398158,2.28908
"742",1.980829,1.408004,2.32768
"741",2.005076,1.399254,2.349424
"740",2.030086,1.389169,2.380275
"739",2.060437,1.409864,2.458906
"738",2.077269,1.436591,2.55618
"737",2.065372,1.430392,2.62897
"736",2.050638,1.415753,2.704334
"735",2.061176,1.431059,2.82936
"734",2.08106,1.453495,2.980399
"733",2.086091,1.450705,3.120827
"732",2.090311,1.450729,3.275489
"731",2.111816,1.48456,3.47476
"730",2.133917,1.521372,3.675079
"729",2.139258,1.52533,3.812646
"728",2.143478,1.517486,3.871369
"727",2.159523,1.524925,3.852534
"726",2.171754,1.533246,3.739333
"725",2.171349,1.531577,3.539609
"724",2.1806,1.544117,3.306174
"723",2.218151,1.582574,3.080511
"722",2.270603,1.622748,2.861022
"721",2.314019,1.648616,2.642273
"720",2.345418,1.673579,2.443194
"719",2.380013,1.705741,2.28219
"718",2.426171,1.734662,2.153825
"717",2.473092,1.759576,2.042245
"716",2.508449,1.798915,1.943802
"715",2.538895,1.863336,1.868319
"714",2.577543,1.93994,1.819705
"713",2.619576,2.007341,1.783108
"712",2.654242,2.061796,1.743435
"711",2.692389,2.120375,1.705813
"710",2.752232,2.197122,1.675462
"709",2.828288,2.282404,1.637911
"708",2.90153,2.361559,1.583933
"707",2.96905,2.43442,1.537775
"706",3.035473,2.497148,1.515769
"705",3.094387,2.527546,1.497507
"704",3.141188,2.521681,1.466584
"703",3.187394,2.506732,1.446509
"702",3.238868,2.486729,1.449108
"701",3.28226,2.427077,1.44453
"700",3.311657,2.328085,1.417398
"699",3.343892,2.242445,1.398992
"698",3.391289,2.184557,1.403021
"697",3.446745,2.108764,1.398253
"696",3.507018,2.011203,1.373052
"695",3.577113,1.948881,1.357054
"694",3.645133,1.930308,1.354503
"693",3.693771,1.897692,1.335906
"692",3.740382,1.840066,1.308059
"691",3.816938,1.80881,1.308536
"690",3.911185,1.810956,1.326823
"689",3.979635,1.80006,1.321411
"688",4.015541,1.77474,1.307773
"687",4.046273,1.774001,1.331543
"686",4.076981,1.787281,1.375484
"685",4.097819,1.776242,1.392936
"684",4.128289,1.762485,1.403379
"683",4.188203,1.789331,1.446962
"682",4.249215,1.834869,1.495289
"681",4.278254,1.852822,1.506853
"680",4.295468,1.856231,1.520633
"679",4.333043,1.874828,1.58627
"678",4.376578,1.887679,1.671957
"677",4.40154,1.870512,1.72367
"676",4.423499,1.852512,1.758456
"675",4.462265,1.859593,1.815295
"674",4.504179,1.863574,1.888799
"673",4.540061,1.839637,1.968455
"672",4.592251,1.81384,2.080011
"671",4.669046,1.81024,2.230668
"670",4.74081,1.811408,2.385592
"669",4.786419,1.8013,2.527976
"668",4.823088,1.795244,2.682924
"667",4.870414,1.802873,2.859425
"666",4.926109,1.807045,3.028678
"665",4.986071,1.793313,3.173303
"664",5.056619,1.775622,3.309845
"663",5.139613,1.775598,3.452992
"662",5.225467,1.795554,3.593015
"661",5.308842,1.816868,3.720903
"660",5.39515,1.831603,3.858137
"659",5.494189,1.860785,4.041814
"658",5.603194,1.924872,4.269599
"657",5.71537,2.012181,4.47998
"656",5.835723,2.114105,4.613161
"655",5.992913,2.263712,4.66597
"654",6.187677,2.488446,4.642057
"653",6.391644,2.76072,4.507756
"652",6.582856,3.041005,4.255986
"651",6.806564,3.325939,3.972005
"650",7.087802,3.578352,3.73764
"649",7.419896,3.705644,3.556632
"648",7.775044,3.663611,3.410005
"647",8.194279,3.525686,3.333878
"646",8.677172,3.368282,3.332114
"645",9.213137,3.195071,3.35257
"644",9.798574,3.02453,3.385686
"643",10.512614,2.935385,3.497552
"642",11.378335,2.966785,3.705215
"641",12.387895,3.079771,3.94926
"640",13.561177,3.267598,4.234504
"639",15.007209,3.578996,4.651904
"638",16.796875,4.009938,5.245256
"637",18.969893,4.486179,5.98154
"636",21.599841,4.96447,6.872916
"635",24.82326,5.423569,7.972288
"634",28.729343,5.770087,9.230017
"633",33.332014,5.887389,10.46698
"632",38.551592,5.776381,11.490702
"631",44.188976,5.523419,12.131118
"630",49.86155,5.17404,12.23216
"629",55.123162,4.753446,11.755871
"628",59.547781,4.353833,10.869193
"627",62.68053,4.0596,9.804606
"626",63.939023,3.838658,8.690953
"625",62.738728,3.620958,7.604098
"624",58.830213,3.416204,6.659984
"623",52.559304,3.27053,5.938816
"622",44.854021,3.16658,5.384659
"621",36.932659,3.066802,4.917407
"620",29.824948,2.980113,4.536795
"619",24.064183,2.934479,4.27308
"618",19.650721,2.917313,4.090356
"617",16.372132,2.901959,3.941082
"616",13.980603,2.885198,3.820109
"615",12.276625,2.879381,3.737306
"614",11.040115,2.888464,3.678202
"613",10.117077,2.908825,3.632664
"612",9.43067,2.9428,3.620958
"611",8.973932,2.997636,3.666925
"610",8.723354,3.069424,3.768444
"609",8.643817,3.130602,3.896188
"608",8.697342,3.155636,4.037952
"607",8.89604,3.153967,4.222488
"606",9.252882,3.148508,4.488468
"605",9.783792,3.133773,4.834079
"604",10.485649,3.095889,5.250859
"603",11.386227,3.054451,5.769205
"602",12.50112,3.027963,6.410193
"601",13.804173,2.987384,7.111072
"600",15.238738,2.909684,7.78017
"599",16.75601,2.833247,8.365797
"598",18.276405,2.790021,8.798122
"597",19.646453,2.740669,8.947634
"596",20.688176,2.655529,8.752036
"595",21.271443,2.579975,8.299827
"594",21.321558,2.542686,7.694125
"593",20.834136,2.495193,6.955432
"592",19.926834,2.421903,6.143927
"591",18.787407,2.390003,5.413031
"590",17.517328,2.416729,4.838347
"589",16.108417,2.421855,4.34494
"588",14.60576,2.375459,3.893113
"587",13.152241,2.345418,3.546547
"586",11.845445,2.346301,3.307604
"585",10.67028,2.306818,3.07455
"584",9.62212,2.222323,2.825236
"583",8.750367,2.175903,2.645635
"582",8.063292,2.185273,2.556419
"581",7.50668,2.190399,2.487921
"580",7.057785,2.19202,2.435398
"579",6.71966,2.242708,2.44441
"578",6.446194,2.316832,2.47426
"577",6.173253,2.348399,2.442216
"576",5.922484,2.368664,2.384519
"575",5.739092,2.452802,2.384543
"574",5.604076,2.586603,2.421808
"573",5.4677,2.70965,2.426052
"572",5.359673,2.842617,2.426695
"571",5.314397,3.026413,2.47941
"570",5.300164,3.22535,2.551031
"569",5.257368,3.370809,2.579498
"568",5.199956,3.461813,2.594304
"567",5.157279,3.525638,2.647495
"566",5.123567,3.550672,2.730321
"565",5.087184,3.531622,2.802085
"564",5.077266,3.514218,2.875542
"563",5.104589,3.565287,2.973771
"562",5.136084,3.715467,3.099775
"561",5.145502,3.978395,3.237795
"560",5.153393,4.371643,3.404259
"559",5.183577,4.913282,3.618049
"558",5.225086,5.588126,3.893017
"557",5.251169,6.327915,4.207634
"556",5.262088,7.007074,4.564619
"555",5.290627,7.47106,5.004596
"554",5.359196,7.568216,5.591297
"553",5.44753,7.206749,6.342577
"552",5.52628,6.44102,7.281112
"551",5.611133,5.489897,8.4944
"550",5.723834,4.590034,10.110998
"549",5.842924,3.838038,12.205719
"548",5.940032,3.234553,14.866709
"547",6.056308,2.799606,18.20302
"546",6.22394,2.535223,22.180461
"545",6.414246,2.344346,26.400756
"544",6.590247,2.149486,30.214953
"543",6.818485,1.993131,32.96585
"542",7.144737,1.92368,34.142947
"541",7.535171,1.872754,33.509373
"540",7.941699,1.789426,31.318569
"539",8.408689,1.736855,28.285241
"538",8.980751,1.749324,25.17786
"537",9.629392,1.740741,22.452235
"536",10.357451,1.670098,20.290613
"535",11.243534,1.629161,18.703174
"534",12.357068,1.659131,17.51914
"533",13.701176,1.680517,16.441106
"532",15.328025,1.655554,15.310215
"531",17.3213,1.650547,14.134693
"530",19.656825,1.674342,12.911748
"529",22.150754,1.660108,11.599278
"528",24.561023,1.622796,10.296845
"527",26.571393,1.646208,9.177374
"526",27.760386,1.710057,8.257341
"525",27.81229,1.720571,7.420563
"524",26.795983,1.692581,6.680607
"523",25.077962,1.712465,6.124162
"522",22.985768,1.7627,5.714988
"521",20.702075,1.764225,5.322575
"520",18.375444,1.738595,4.951214
"519",16.154575,1.75817,4.667925
"518",14.094376,1.801967,4.441165
"517",12.224864,1.804995,4.191684
"516",10.601639,1.782941,3.95708
"515",9.281778,1.7843,3.801727
"514",8.212614,1.793122,3.697896
"513",7.320046,1.772952,3.566789
"512",6.56023,1.745629,3.411364
"511",5.93481,1.751732,3.270554
"510",5.424571,1.787781,3.1605
"509",5.017399,1.828074,3.074502
"508",4.712533,1.868414,3.026652
"507",4.495978,1.915359,3.01764
"506",4.329252,1.963901,3.017687
"505",4.160571,2.001833,2.98295
"504",3.976154,2.030658,2.910161
"503",3.802132,2.071166,2.848839
"502",3.671336,2.135205,2.84698
"501",3.57325,2.199769,2.884697
"500",3.482103,2.237987,2.912425
"499",3.407692,2.273702,2.936935
"498",3.363823,2.340316,3.001022
"497",3.312635,2.425551,3.099989
"496",3.221344,2.508544,3.224825
"495",3.147578,2.645468,3.441596
"494",3.150796,2.867293,3.793478
"493",3.188252,3.102803,4.178667
"492",3.191661,3.283691,4.470586
"491",3.202986,3.483414,4.671454
"490",3.271651,3.794765,4.794502
"489",3.349566,4.178619,4.740691
"488",3.369855,4.596948,4.468393
"487",3.393673,5.145025,4.130697
"486",3.480243,5.925655,3.852725
"485",3.601312,6.918168,3.568935
"484",3.715395,8.134078,3.232693
"483",3.874635,9.697675,2.968835
"482",4.110169,11.671543,2.84388
"481",4.386019,13.892817,2.741432
"480",4.721188,16.116094,2.601313
"479",5.220055,18.066,2.529144
"478",5.916786,19.360756,2.557802
"477",6.765913,19.647979,2.578067
"476",7.80673,18.975186,2.57802
"475",9.169387,17.826581,2.6726
"474",10.868287,16.738843,2.86107
"473",12.757134,16.012978,3.027534
"472",14.662504,15.694475,3.19209
"471",16.384243,15.547561,3.482508
"470",17.623233,15.082001,3.879165
"469",18.166685,13.94484,4.249691
"468",18.14692,12.281227,4.588341
"467",17.953109,10.54461,4.966306
"466",17.888021,9.010314,5.319666
"465",18.040251,7.722711,5.524802
"464",18.333411,6.706237,5.602979
"463",18.53137,5.994367,5.649495
"462",18.265151,5.490231,5.665326
"461",17.287802,5.065751,5.620646
"460",15.669894,4.707121,5.58362
"459",13.728547,4.451441,5.628585
"458",11.785745,4.273891,5.716943
"457",10.072064,4.110932,5.755257
"456",8.701133,3.958392,5.714464
"455",7.683324,3.846907,5.615091
"454",6.932067,3.792572,5.463552
"453",6.353068,3.793549,5.255436
"452",5.895948,3.867387,5.01852
"451",5.563354,4.05364,4.830598
"450",5.353617,4.37839,4.763102
"449",5.218625,4.790163,4.825758
"448",5.106282,5.198192,5.002617
"447",5.032372,5.542206,5.333542
"446",5.039811,5.76868,5.856847
"445",5.116629,5.770182,6.491136
"444",5.215382,5.490088,7.088041
"443",5.368399,5.068254,7.584857
"442",5.624008,4.732012,7.946348
"441",5.950117,4.573655,8.04336
"440",6.299948,4.577803,7.775521
"439",6.743526,4.763054,7.275962
"438",7.361602,5.078434,6.728887
"437",8.116126,5.282616,6.160807
"436",8.961844,5.16169,5.541872
"435",10.01048,4.774832,5.00617
"434",11.367106,4.299378,4.653286
"433",12.97388,3.796362,4.37479
"432",14.757323,3.319025,4.100871
"431",16.720008,3.015136,3.968715
"430",18.783116,2.925848,4.074454
"429",20.648694,2.889585,4.288291
"428",22.046422,2.833056,4.587864
"427",22.883296,2.891421,5.195856
"426",23.14763,3.116726,6.287288
"425",22.897696,3.364014,7.821583
"424",22.495007,3.572916,9.807324
"423",22.535562,3.837966,12.249255
"422",23.363161,4.115581,14.744615
"421",24.697256,4.199934,16.514539
"420",25.788831,4.056644,17.023587
"419",25.846171,3.854203,16.319155
"418",24.447274,3.661894,14.780521
"417",21.837186,3.406596,12.849187
"416",18.837547,3.137159,10.958456
"415",16.265654,2.99766,9.384465
"414",14.384436,2.984762,8.096647
"413",13.025069,2.990865,6.978297
"412",12.016558,3.026986,6.089782
"411",11.313986,3.17955,5.57537
"410",10.810947,3.413414,5.401492
"409",10.379052,3.667736,5.455017
"408",10.012602,4.003477,5.721545
"407",9.776735,4.531359,6.219387
"406",9.659719,5.251622,6.801104
"405",9.612727,6.150221,7.238578
"404",9.636139,7.299828,7.383894
"403",9.745335,8.766698,7.217311
"402",9.880137,10.450816,6.785583
"401",9.931898,12.085771,6.182885
"400",9.840679,13.34834,5.567669
"399",9.607982,13.946056,5.099582
"398",9.291219,13.719296,4.881525
"397",8.934831,12.720084,4.923367
"396",8.576869,11.242318,5.205726
"395",8.261895,9.714221,5.734801
"394",8.012342,8.481907,6.452918
"393",7.77111,7.63657,7.111501
"392",7.464694,7.122707,7.390475
"391",7.113623,6.925868,7.16958
"390",6.785011,7.06377,6.55384
"389",6.461167,7.408261,5.681324
"388",6.095647,7.802867,4.69551
"387",5.747127,8.258509,3.834104
"386",5.49066,8.868026,3.260254
"385",5.263257,9.562206,2.880835
"384",4.985451,10.286521,2.547407
"383",4.732918,11.221957,2.326869
"382",4.585504,12.595176,2.295732
"381",4.452419,14.370179,2.305889
"380",4.246091,16.356897,2.22814
"379",4.067492,18.371891,2.201104
"378",4.000282,19.964003,2.344894
"377",3.936076,20.44568,2.510738
"376",3.790545,19.451165,2.596426
"375",3.669881,17.368698,2.767872
"374",3.634047,14.843511,3.128623
"373",3.566861,12.344408,3.521275
"372",3.425192,10.195183,3.880262
"371",3.342342,8.693504,4.388523
"370",3.35164,7.837915,5.102348
"369",3.31304,7.352852,5.829477
"368",3.195524,7.122826,6.490302
"367",3.13158,7.280945,7.181239
"366",3.138136,7.872128,7.816243
"365",3.087949,8.819198,8.131432
"364",2.976775,10.25784,8.086395
"363",2.92592,12.516808,7.872962
"362",2.930426,15.712666,7.544064
"361",2.882933,19.622111,7.014775
"360",2.812981,23.829126,6.371951
"359",2.829408,27.619218,5.815315
"358",2.896451,29.987454,5.352544
"357",2.900362,30.149912,4.874467
"356",2.863717,28.194522,4.416728
"355",2.88465,24.919891,4.095411
"354",2.955794,21.231889,3.878784
"353",3.015685,17.747354,3.668713
"352",3.084421,14.798378,3.47464
"351",3.222966,12.475347,3.366136
"350",3.42195,10.671901,3.329014
"349",3.634881,9.252262,3.305888
"348",3.863143,8.134293,3.29113
"347",4.152917,7.299709,3.31602
"346",4.512214,6.69496,3.381323
"345",4.865121,6.246852,3.443145
"344",5.106067,5.885863,3.478622
"343",5.197405,5.63023,3.531646
"342",5.16653,5.508947,3.652572
"341",5.016279,5.484151,3.791356
"340",4.739761,5.473375,3.866314
"339",4.418754,5.505394,3.919506
"338",4.16696,5.643224,4.048752
"337",3.972768,5.810189,4.205107
"336",3.75669,5.882096,4.277181
"335",3.556203,5.9134,4.330062
"334",3.463482,6.013488,4.489207
"333",3.427433,6.084227,4.66361
"332",3.348898,5.980587,4.700708
"331",3.284692,5.814981,4.694962
"330",3.320765,5.74181,4.7935
"329",3.362298,5.637669,4.875254
"328",3.306722,5.355215,4.797506
"327",3.261351,5.063152,4.714727
"326",3.324508,4.942083,4.78003
"325",3.37224,4.842519,4.823708
"324",3.305053,4.611396,4.709029
"323",3.264594,4.41184,4.635787
"322",3.349637,4.373216,4.75018
"321",3.410124,4.3123,4.846334
"320",3.351378,4.124999,4.795193
"319",3.323054,4.01082,4.8002
"318",3.412866,4.045486,4.958152
"317",3.499341,4.003286,5.044507
"316",3.567624,3.818273,4.968571
"315",3.794503,3.722739,4.923677
"314",4.198408,3.775811,4.933333
"313",4.565858,3.759837,4.77159
"312",4.795742,3.638052,4.434967
"311",4.951691,3.61495,4.172086
"310",4.972553,3.700494,4.009532
"309",4.703068,3.688812,3.746175
"308",4.224014,3.574132,3.403472
"307",3.794598,3.543066,3.195905
"306",3.500461,3.593564,3.107261
"305",3.250646,3.570413,2.949309
"304",3.052806,3.495073,2.747511
"303",2.998733,3.501486,2.665066
"302",3.056073,3.556942,2.668046
"301",3.121614,3.554272,2.603006
"300",3.199958,3.549647,2.488327
"299",3.359293,3.659176,2.440142
"298",3.586006,3.845286,2.45428
"297",3.834342,3.994035,2.442693
"296",4.132032,4.089426,2.402663
"295",4.557418,4.177975,2.389359
"294",5.134224,4.241895,2.412271
"293",5.802631,4.206776,2.43318
"292",6.460905,4.048871,2.442932
"291",7.017135,3.849339,2.497649
"290",7.404637,3.705096,2.652883
"289",7.569193,3.603315,2.877926
"288",7.513451,3.477835,3.115773
"287",7.35135,3.379154,3.427243
"286",7.209563,3.406786,3.90942
"285",7.071256,3.482866,4.47483
"284",6.861472,3.441834,4.928565
"283",6.654286,3.329467,5.245304
"282",6.585979,3.303909,5.481767
"281",6.597709,3.291273,5.493426
"280",6.527829,3.111529,5.11918
"279",6.386995,2.863097,4.555988
"278",6.251835,2.749276,4.110002
"277",5.999016,2.677583,3.728508
"276",5.501747,2.472281,3.241419
"275",4.923701,2.288603,2.811241
"274",4.47185,2.319645,2.632737
"273",4.060554,2.392077,2.493643
"272",3.57244,2.316212,2.179336
"271",3.169608,2.288174,1.910781
"270",2.980446,2.489995,1.899528
"269",2.82309,2.706432,1.908516
"268",2.560758,2.78232,1.747727
"267",2.378392,2.960753,1.661849
"266",2.382493,3.388023,1.806807
"265",2.369666,3.813099,1.910376
"264",2.237677,4.130434,1.832485
"263",2.194142,4.605054,1.830005
"262",2.323269,5.285286,1.970386
"261",2.430152,5.811548,1.949024
"260",2.463889,6.022572,1.701903
"259",2.626681,6.119823,1.54283
"258",2.956581,6.118464,1.546359
"257",3.260421,5.787086,1.453948
"256",3.510141,5.192184,1.244735
"255",3.876757,4.689574,1.178956
"254",4.363894,4.350924,1.260066
"253",4.811,3.962993,1.244688
"252",5.222392,3.532505,1.139283
"251",5.714106,3.267717,1.155209
"250",6.199169,3.144907,1.267528
"249",6.448531,2.973246,1.292657
"248",6.394171,2.761077,1.266932
"247",6.117844,2.653074,1.353883
"246",5.659246,2.62289,1.522946
"245",5.058145,2.541446,1.634669
"244",4.466533,2.411103,1.697325
"243",4.047846,2.330875,1.798176
"242",3.817176,2.316188,1.907563
"241",3.696727,2.291011,1.90947
"240",3.639411,2.215218,1.773166
"239",3.658866,2.13809,1.594924
"238",3.745293,2.124309,1.478409
"237",3.827261,2.138996,1.407217
"236",3.829908,2.10464,1.305747
"235",3.77624,2.06747,1.213526
"234",3.722572,2.14293,1.237654
"233",3.611898,2.271437,1.31998
"232",3.346419,2.287864,1.305747
"231",3.00827,2.241945,1.253604
"230",2.766704,2.314424,1.341724
"229",2.588772,2.432036,1.484394
"228",2.32613,2.376508,1.457238
"227",2.047252,2.22721,1.350545
"226",1.927876,2.208852,1.403045
"225",1.887083,2.210736,1.501035
"224",1.741218,2.008247,1.409387
"223",1.585817,1.779079,1.304841
"222",1.589441,1.792907,1.453495
"221",1.605796,1.861691,1.64361
"220",1.454567,1.720285,1.588678
"219",1.31433,1.584386,1.510763
"218",1.36733,1.696157,1.666545
"217",1.409244,1.793217,1.785945
"216",1.262068,1.64783,1.627731
"215",1.153755,1.56722,1.50249
"214",1.246738,1.771688,1.636195
"213",1.288485,1.923394,1.684212
"212",1.12946,1.816582,1.444959
"211",1.044249,1.806473,1.294159
"210",1.171088,2.077245,1.419067
"209",1.234221,2.272772,1.443147
"208",1.113605,2.239537,1.216053
"207",1.070809,2.316403,1.111388
"206",1.18432,2.592802,1.237297
"205",1.193785,2.714991,1.227068
"204",1.050686,2.619528,1.014161
"203",1.006889,2.651524,0.952792
"202",1.086282,2.853918,1.073145
"201",1.053333,2.903652,1.03116
"200",0.916147,2.775287,0.819492
